Cohort,Average_SIP_Amount,Total_Investment,AMFI_Code,Fund_Count
2024,10996.885825361911,3491125187,148568,874
2025,13505.209580838324,30455243,120507,12
